{"eval/loss": 0.0636758878827095, "eval/precision": 0.9179821172314825, "eval/recall": 0.9303054032889585, "eval/f1": 0.9241026780753417, "eval/accuracy": 0.9824137766692614, "eval/runtime": 6.4242, "eval/samples_per_second": 505.896, "eval/steps_per_second": 15.877, "train/epoch": 3.0, "train/global_step": 1317, "_timestamp": 1685550786.5235324, "_runtime": 199.62652349472046, "_step": 6, "train/loss": 0.0595, "train/learning_rate": 4.8139711465451785e-06, "train/train_runtime": 205.2209, "train/train_samples_per_second": 205.257, "train/train_steps_per_second": 6.417, "train/total_flos": 566909963209674.0, "train/train_loss": 0.11501873164079184}